dex_no,name,weight
1,フシギダネ,6.9
2,フシギソウ,13.0
3,フシギバナ,100.0
4,ヒトカゲ,8.5
5,リザード,19.0
6,リザードン,90.5
7,ゼニガメ,9.0
8,カメール,22.5
9,カメックス,85.5
10,キャタピー,2.9
11,トランセル,9.9
12,バタフリー,32.0
13,ビードル,3.2
14,コクーン,10.0
15,スピアー,29.5
16,ポッポ,1.8
17,ピジョン,30.0
18,ピジョット,39.5
19,コラッタ,3.5
20,ラッタ,18.5
21,オニスズメ,2.0
22,オニドリル,38.0
23,アーボ,6.9
24,アーボック,65.0
25,ピカチュウ,6.0
26,ライチュウ,30.0
27,サンド,12.0
28,サンドパン,29.5
29,ニドラン♀,7.0
30,ニドリーナ,20.0
31,ニドクイン,60.0
32,ニドラン♂,9.0
33,ニドリーノ,19.5
34,ニドキング,62.0
35,ピッピ,7.5
36,ピクシー,40.0
37,ロコン,9.9
38,キュウコン,19.9
39,プリン,5.5
40,プクリン,12.0
41,ズバット,7.5
42,ゴルバット,55.0
43,ナゾノクサ,5.4
44,クサイハナ,8.6
45,ラフレシア,18.6
46,パラス,5.4
47,パラセクト,29.5
48,コンパン,30.0
49,モルフォン,12.5
50,ディグダ,0.8
51,ダグトリオ,33.3
52,ニャース,4.2
53,ペルシアン,32.0
54,コダック,19.6
55,ゴルダック,76.6
56,マンキー,28.0
57,オコリザル,32.0
58,ガーディ,19.0
59,ウインディ,155.0
60,ニョロモ,12.4
61,ニョロゾ,20.0
62,ニョロボン,54.0
63,ケーシィ,19.5
64,ユンゲラー,56.5
65,フーディン,48.0
66,ワンリキー,19.5
67,ゴーリキー,70.5
68,カイリキー,130.0
69,マダツボミ,4.0
70,ウツドン,6.4
71,ウツボット,15.5
72,メノクラゲ,45.5
73,ドククラゲ,55.0
74,イシツブテ,20.0
75,ゴローン,105.0
76,ゴローニャ,300.0
77,ポニータ,30.0
78,ギャロップ,95.0
79,ヤドン,36.0
80,ヤドラン,78.5
81,コイル,6.0
82,レアコイル,60.0
83,カモネギ,15.0
84,ドードー,39.2
85,ドードリオ,85.2
86,パウワウ,90.0
87,ジュゴン,120.0
88,ベトベター,30.0
89,ベトベトン,30.0
90,シェルダー,4.0
91,パルシェン,132.5
92,ゴース,0.1
93,ゴースト,0.1
94,ゲンガー,40.5
95,イワーク,210.0
96,スリープ,32.4
97,スリーパー,75.6
98,クラブ,6.5
99,キングラー,60.0
100,ビリリダマ,10.4
101,マルマイン,66.6
102,タマタマ,2.5
103,ナッシー,120.0
104,カラカラ,6.5
105,ガラガラ,45.0
106,サワムラー,49.8
107,エビワラー,50.2
108,ベロリンガ,65.5
109,ドガース,1.0
110,マタドガス,9.5
111,サイホーン,115.0
112,サイドン,120.0
113,ラッキー,34.6
114,モンジャラ,35.0
115,ガルーラ,80.0
116,タッツー,8.0
117,シードラ,25.0
118,トサキント,15.0
119,アズマオウ,39.0
120,ヒトデマン,34.5
121,スターミー,80.0
122,バリヤード,54.5
123,ストライク,56.0
124,ルージュラ,40.6
125,エレブー,30.0
126,ブーバー,44.5
127,カイロス,55.0
128,ケンタロス,88.4
129,コイキング,10.0
130,ギャラドス,235.0
131,ラプラス,220.0
132,メタモン,4.0
133,イーブイ,6.5
134,シャワーズ,29.0
135,サンダース,24.5
136,ブースター,25.0
137,ポリゴン,36.5
138,オムナイト,7.5
139,オムスター,35.0
140,カブト,11.5
141,カブトプス,40.5
142,プテラ,59.0
143,カビゴン,460.0
144,フリーザー,55.4
145,サンダー,52.6
146,ファイヤー,60.0
147,ミニリュウ,3.3
148,ハクリュー,16.5
149,カイリュー,210.0
150,ミュウツー,122.0
151,ミュウ,4.0
152,チコリータ,6.4
153,ベイリーフ,15.8
154,メガニウム,100.5
155,ヒノアラシ,7.9
156,マグマラシ,19.0
157,バクフーン,79.5
158,ワニノコ,9.5
159,アリゲイツ,25.0
160,オーダイル,88.8
161,オタチ,6.0
162,オオタチ,32.5
163,ホーホー,21.2
164,ヨルノズク,40.8
165,レディバ,10.8
166,レディアン,35.6
167,イトマル,8.5
168,アリアドス,33.5
169,クロバット,75.0
170,チョンチー,12.0
171,ランターン,22.5
172,ピチュー,2.0
173,ピィ,3.0
174,ププリン,1.0
175,トゲピー,1.5
176,トゲチック,3.2
177,ネイティ,2.0
178,ネイティオ,15.0
179,メリープ,7.8
180,モココ,13.3
181,デンリュウ,61.5
182,キレイハナ,5.8
183,マリル,8.5
184,マリルリ,28.5
185,ウソッキー,38.0
186,ニョロトノ,33.9
187,ハネッコ,0.5
188,ポポッコ,1.0
189,ワタッコ,3.0
190,エイパム,11.5
191,ヒマナッツ,1.8
192,キマワリ,8.5
193,ヤンヤンマ,38.0
194,ウパー,8.5
195,ヌオー,75.0
196,エーフィ,26.5
197,ブラッキー,27.0
198,ヤミカラス,2.1
199,ヤドキング,79.5
200,ムウマ,1.0
201,アンノーン,5.0
202,ソーナンス,28.5
203,キリンリキ,41.5
204,クヌギダマ,7.2
205,フォレトス,125.8
206,ノコッチ,14.0
207,グライガー,64.8
208,ハガネール,400.0
209,ブルー,7.8
210,グランブル,48.7
211,ハリーセン,3.9
212,ハッサム,118.0
213,ツボツボ,20.5
214,ヘラクロス,54.0
215,ニューラ,28.0
216,ヒメグマ,8.8
217,リングマ,125.8
218,マグマッグ,35.0
219,マグカルゴ,55.0
220,ウリムー,6.5
221,イノムー,55.8
222,サニーゴ,5.0
223,テッポウオ,12.0
224,オクタン,28.5
225,デリバード,16.0
226,マンタイン,220.0
227,エアームド,50.5
228,デルビル,10.8
229,ヘルガー,35.0
230,キングドラ,152.0
231,ゴマゾウ,33.5
232,ドンファン,120.0
233,ポリゴン2,32.5
234,オドシシ,71.2
235,ドーブル,58.0
236,バルキー,21.0
237,カポエラー,48.0
238,ムチュール,6.0
239,エレキッド,23.5
240,ブビィ,21.4
241,ミルタンク,75.5
242,ハピナス,46.8
243,ライコウ,178.0
244,エンテイ,198.0
245,スイクン,187.0
246,ヨーギラス,72.0
247,サナギラス,152.0
248,バンギラス,202.0
249,ルギア,216.0
250,ホウオウ,199.0
251,セレビィ,5.0
252,キモリ,5.0
253,ジュプトル,21.6
254,ジュカイン,52.2
255,アチャモ,2.5
256,ワカシャモ,19.5
257,バシャーモ,52.0
258,ミズゴロウ,7.6
259,ヌマクロー,28.0
260,ラグラージ,81.9
261,ポチエナ,13.6
262,グラエナ,37.0
263,ジグザグマ,17.5
264,マッスグマ,32.5
265,ケムッソ,3.6
266,カラサリス,10.0
267,アゲハント,28.4
268,マユルド,11.5
269,ドクケイル,31.6
270,ハスボー,2.6
271,ハスブレロ,32.5
272,ルンパッパ,55.0
273,タネボー,4.0
274,コノハナ,28.0
275,ダーテング,59.6
276,スバメ,2.3
277,オオスバメ,19.8
278,キャモメ,9.5
279,ペリッパー,28.0
280,ラルトス,6.6
281,キルリア,20.2
282,サーナイト,48.4
283,アメタマ,1.7
284,アメモース,3.6
285,キノココ,4.5
286,キノガッサ,39.2
287,ナマケロ,24.0
288,ヤルキモノ,46.5
289,ケッキング,130.5
290,ツチニン,5.5
291,テッカニン,12.0
292,ヌケニン,1.2
293,ゴニョニョ,16.3
294,ドゴーム,40.5
295,バクオング,84.0
296,マクノシタ,86.4
297,ハリテヤマ,253.8
298,ルリリ,2.0
299,ノズパス,97.0
300,エネコ,11.0
301,エネコロロ,32.6
302,ヤミラミ,11.0
303,クチート,11.5
304,ココドラ,60.0
305,コドラ,120.0
306,ボスゴドラ,360.0
307,アサナン,11.2
308,チャーレム,31.5
309,ラクライ,15.2
310,ライボルト,40.2
311,プラスル,4.2
312,マイナン,4.2
313,バルビート,17.7
314,イルミーゼ,17.7
315,ロゼリア,2.0
316,ゴクリン,10.3
317,マルノーム,80.0
318,キバニア,20.8
319,サメハダー,88.8
320,ホエルコ,130.0
321,ホエルオー,398.0
322,ドンメル,24.0
323,バクーダ,220.0
324,コータス,80.4
325,バネブー,30.6
326,ブーピッグ,71.5
327,パッチール,5.0
328,ナックラー,15.0
329,ビブラーバ,15.3
330,フライゴン,82.0
331,サボネア,51.3
332,ノクタス,77.4
333,チルット,1.2
334,チルタリス,20.6
335,ザングース,40.3
336,ハブネーク,52.5
337,ルナトーン,168.0
338,ソルロック,154.0
339,ドジョッチ,1.9
340,ナマズン,23.6
341,ヘイガニ,11.5
342,シザリガー,32.8
343,ヤジロン,21.5
344,ネンドール,108.0
345,リリーラ,23.8
346,ユレイドル,60.4
347,アノプス,12.5
348,アーマルド,68.2
349,ヒンバス,7.4
350,ミロカロス,162.0
351,ポワルン,0.8
352,カクレオン,22.0
353,カゲボウズ,2.3
354,ジュペッタ,12.5
355,ヨマワル,15.0
356,サマヨール,30.6
357,トロピウス,100.0
358,チリーン,1.0
359,アブソル,47.0
360,ソーナノ,14.0
361,ユキワラシ,16.8
362,オニゴーリ,256.5
363,タマザラシ,39.5
364,トドグラー,87.6
365,トドゼルガ,150.6
366,パールル,52.5
367,ハンテール,27.0
368,サクラビス,22.6
369,ジーランス,23.4
370,ラブカス,8.7
371,タツベイ,42.1
372,コモルー,110.5
373,ボーマンダ,102.6
374,ダンバル,95.2
375,メタング,202.5
376,メタグロス,550.0
377,レジロック,230.0
378,レジアイス,175.0
379,レジスチル,205.0
380,ラティアス,40.0
381,ラティオス,60.0
382,カイオーガ,352.0
383,グラードン,950.0
384,レックウザ,206.5
385,ジラーチ,1.1
386,デオキシス,60.8
387,ナエトル,10.2
388,ハヤシガメ,97.0
389,ドダイトス,310.0
390,ヒコザル,6.2
391,モウカザル,22.0
392,ゴウカザル,55.0
393,ポッチャマ,5.2
394,ポッタイシ,23.0
395,エンペルト,84.5
396,ムックル,2.0
397,ムクバード,15.5
398,ムクホーク,24.9
399,ビッパ,20.0
400,ビーダル,31.5
401,コロボーシ,2.2
402,コロトック,25.5
403,コリンク,9.5
404,ルクシオ,30.5
405,レントラー,42.0
406,スボミー,1.2
407,ロズレイド,14.5
408,ズガイドス,31.5
409,ラムパルド,102.5
410,タテトプス,57.0
411,トリデプス,149.5
412,ミノムッチ,3.4
413,ミノマダム,6.5
414,ガーメイル,23.3
415,ミツハニー,5.5
416,ビークイン,38.5
417,パチリス,3.9
418,ブイゼル,29.5
419,フローゼル,33.5
420,チェリンボ,3.3
421,チェリム,9.3
422,カラナクシ,6.3
423,トリトドン,29.9
424,エテボース,20.3
425,フワンテ,1.2
426,フワライド,15.0
427,ミミロル,5.5
428,ミミロップ,33.3
429,ムウマージ,4.4
430,ドンカラス,27.3
431,ニャルマー,3.9
432,ブニャット,43.8
433,リーシャン,0.6
434,スカンプー,19.2
435,スカタンク,38.0
436,ドーミラー,60.5
437,ドータクン,187.0
438,ウソハチ,15.0
439,マネネ,13.0
440,ピンプク,24.4
441,ペラップ,1.9
442,ミカルゲ,108.0
443,フカマル,20.5
444,ガバイト,56.0
445,ガブリアス,95.0
446,ゴンベ,105.0
447,リオル,20.2
448,ルカリオ,54.0
449,ヒポポタス,49.5
450,カバルドン,300.0
451,スコルピ,12.0
452,ドラピオン,61.5
453,グレッグル,23.0
454,ドクロッグ,44.4
455,マスキッパ,27.0
456,ケイコウオ,7.0
457,ネオラント,24.0
458,タマンタ,65.0
459,ユキカブリ,50.5
460,ユキノオー,135.5
461,マニューラ,34.0
462,ジバコイル,180.0
463,ベロベルト,140.0
464,ドサイドン,282.8
465,モジャンボ,128.6
466,エレキブル,138.6
467,ブーバーン,68.0
468,トゲキッス,38.0
469,メガヤンマ,51.5
470,リーフィア,25.5
471,グレイシア,25.9
472,グライオン,42.5
473,マンムー,291.0
474,ポリゴンZ,34.0
475,エルレイド,52.0
476,ダイノーズ,340.0
477,ヨノワール,106.6
478,ユキメノコ,26.6
479,ロトム,0.3
480,ユクシー,0.3
481,エムリット,0.3
482,アグノム,0.3
483,ディアルガ,683.0
484,パルキア,336.0
485,ヒードラン,430.0
486,レジギガス,420.0
487,ギラティナ,750.0
488,クレセリア,85.6
489,フィオネ,3.1
490,マナフィ,1.4
491,ダークライ,50.5
492,シェイミ,2.1
493,アルセウス,320.0
